{"accuracy": 0.9696658097686375, "specificity": 0.9772256728778468, "sensitivity": 0.9622063329928499}