{"accuracy": 0.9686375321336761, "specificity": 0.9772256728778468, "sensitivity": 0.9601634320735445}