iter	Logloss
0	0.6474493911
1	0.5947474351
2	0.56136192
3	0.533268301
4	0.5033266479
